subject,body,label
Assistance needed for overtime policies,"Hello, I’d like to request assistance with overtime policies. Let me know if there’s anything else you need from me to proceed. Best regards, Sonya Campbell",HR
Urgent attention needed for accounts receivable,"Hello Finance, This is a time-sensitive matter related to accounts receivable. Please prioritize this and let me know if you require additional information. Thank you, Derek Vang",Finance
Follow-up on customer complaint complaint,"Hello, I’m following up on the complaint about customer complaint. Has there been any progress on resolving this? Thank you, Charles Ramirez",Customer Support
Assistance required with cash flow statements,"Dear Team, I need help with cash flow statements. Please let me know the steps to resolve this issue. Thanks, Madison Berry",Finance
Assistance required with corporate credit cards,"Dear Team, I need help with corporate credit cards. Please let me know the steps to resolve this issue. Thanks, Lori Phillips",Finance
Customer feedback on product replacements,"Hello Team, We received feedback regarding product replacements. Please review it and let me know if any action is required. Best regards, Jennifer Davis",Customer Support
Follow-up on investment planning approval,"Hi Team, I’m following up on the approval status for investment planning. Please let me know if it’s been processed or if further steps are required. Best, Sarah Sanders",Finance
Follow-up on device encryption access request,"Hi Support, I wanted to check on the status of my request for access to device encryption. Let me know if further details are needed. Best, John Warren",IT Support
Approval needed for salary disbursements,"Hello, Could you review and approve the salary disbursements for this month? Let me know if there’s anything I need to address. Best regards, Amanda Arellano",Finance
Follow-up on leave policy request,"Hi, I wanted to check on the status of my request regarding leave policy. Please let me know if further information is needed. Thanks, Colleen Edwards",HR
Assistance needed for performance reviews,"Hello, I’d like to request assistance with performance reviews. Let me know if there’s anything else you need from me to proceed. Best regards, Cody Pratt",HR
Analysis of press releases,"Dear Marketing Team, Could you analyze the data related to press releases? Let me know the findings so we can proceed. Best regards, Edward Freeman",Marketing
Resolution for warranty claims issue,"Hi Support, Has the issue with warranty claims been resolved? Please share an update as soon as possible. Thank you, Gina Mitchell",Customer Support
Assistance required with debt management,"Dear Team, I need help with debt management. Please let me know the steps to resolve this issue. Thanks, Billy Franco",Finance
Approval needed for expense reports,"Hello, Could you review and approve the expense reports for this month? Let me know if there’s anything I need to address. Best regards, Taylor Branch",Finance
Request for clarification on job application,"Hi Team, I’m looking for some information regarding job application. Could you provide the necessary details when you get a chance? Thanks, Cynthia Jones",HR
Update on customer personas results,"Hello Team, Can you provide an update on the results for customer personas? Let me know if you need further input. Thanks, Stephanie Nguyen",Marketing
Access problem with password reset,"Hello Team, I’m unable to access password reset. Could you help troubleshoot this issue at your earliest convenience? Thank you, Emily Small",IT Support
Request for proposal on brand voice development,"Hi Team, Could you draft a proposal for brand voice development? Please share it by the end of the week. Thank you, Anthony Gonzalez",Marketing
Resolution for account issues issue,"Hi Support, Has the issue with account issues been resolved? Please share an update as soon as possible. Thank you, Natasha Farmer",Customer Support
Update needed on service request query,"Dear Team, Could you provide an update on the service request query? Let me know if further details are needed. Best, Timothy Howell",Customer Support
Customer issue with customer complaint,"Hi Support Team, A customer has reported an issue with customer complaint. Could you investigate and let me know how to resolve it? Thanks, William Donovan",Customer Support
Urgent attention needed for financial audits,"Hello Finance, This is a time-sensitive matter related to financial audits. Please prioritize this and let me know if you require additional information. Thank you, Derek Jones",Finance
Issue with tax compliance report,"Hi Finance, I noticed a discrepancy in the tax compliance report. Could you review it and confirm the accuracy? Thanks, Sarah Burns",Finance
Issue with application permissions,"Hello IT, I’m experiencing a problem with application permissions. Can you assist in resolving this issue? Thanks, Andrea Jackson",IT Support
Update on web traffic analysis results,"Hello Team, Can you provide an update on the results for web traffic analysis? Let me know if you need further input. Thanks, Craig White",Marketing
Help needed for password reset,"Dear IT Team, I need assistance with password reset. Please let me know the steps to address this issue. Best regards, Kim Snyder",IT Support
Update needed on support ticket updates query,"Dear Team, Could you provide an update on the support ticket updates query? Let me know if further details are needed. Best, Jessica Allen",Customer Support
Update on influencer marketing results,"Hello Team, Can you provide an update on the results for influencer marketing? Let me know if you need further input. Thanks, Tracy Holt",Marketing
Approval needed for revenue forecasts,"Hello, Could you review and approve the revenue forecasts for this month? Let me know if there’s anything I need to address. Best regards, Jacob Padilla",Finance
Customer feedback on account issues,"Hello Team, We received feedback regarding account issues. Please review it and let me know if any action is required. Best regards, Jessica Marshall",Customer Support
Request for clarification on training sessions,"Hi Team, I’m looking for some information regarding training sessions. Could you provide the necessary details when you get a chance? Thanks, Jennifer Watkins",HR
Assistance required with accounts payable,"Dear Team, I need help with accounts payable. Please let me know the steps to resolve this issue. Thanks, Katherine Wang",Finance
Urgent attention needed for fraud prevention,"Hello Finance, This is a time-sensitive matter related to fraud prevention. Please prioritize this and let me know if you require additional information. Thank you, Christian Clark",Finance
Request for clarification on time-off requests,"Hi Team, I’m looking for some information regarding time-off requests. Could you provide the necessary details when you get a chance? Thanks, Jimmy Harmon",HR
Update on lead generation results,"Hello Team, Can you provide an update on the results for lead generation? Let me know if you need further input. Thanks, Stephanie Weber",Marketing
Customer issue with shipping problems,"Hi Support Team, A customer has reported an issue with shipping problems. Could you investigate and let me know how to resolve it? Thanks, Carrie Adams",Customer Support
Update on advertising budgets results,"Hello Team, Can you provide an update on the results for advertising budgets? Let me know if you need further input. Thanks, Matthew Jones",Marketing
Analysis of social media engagement,"Dear Marketing Team, Could you analyze the data related to social media engagement? Let me know the findings so we can proceed. Best regards, Michael Ryan",Marketing
Follow-up on employee assistance programs request,"Hi, I wanted to check on the status of my request regarding employee assistance programs. Please let me know if further information is needed. Thanks, Alexis Wagner",HR
Feedback needed on event planning project,"Hello, Could you provide feedback on the event planning project? I’d like to finalize it this week. Thanks, Kelly Salazar",Marketing
Approval needed for cost-cutting measures,"Hello, Could you review and approve the cost-cutting measures for this month? Let me know if there’s anything I need to address. Best regards, Danielle Smith",Finance
Customer issue with loyalty program questions,"Hi Support Team, A customer has reported an issue with loyalty program questions. Could you investigate and let me know how to resolve it? Thanks, Debra Smith",Customer Support
Feedback needed on sales enablement content project,"Hello, Could you provide feedback on the sales enablement content project? I’d like to finalize it this week. Thanks, Sean Krueger",Marketing
Update needed on customer complaint query,"Dear Team, Could you provide an update on the customer complaint query? Let me know if further details are needed. Best, Luis Smith",Customer Support
Assistance needed for employee handbook,"Hello, I’d like to request assistance with employee handbook. Let me know if there’s anything else you need from me to proceed. Best regards, Thomas Bradford",HR
Update on advertising budgets results,"Hello Team, Can you provide an update on the results for advertising budgets? Let me know if you need further input. Thanks, Diane Wood",Marketing
Approval needed for annual reports,"Hello, Could you review and approve the annual reports for this month? Let me know if there’s anything I need to address. Best regards, Joseph Turner",Finance
Help needed for VPN access,"Dear IT Team, I need assistance with VPN access. Please let me know the steps to address this issue. Best regards, Joseph Maxwell",IT Support
Update needed on warranty claims query,"Dear Team, Could you provide an update on the warranty claims query? Let me know if further details are needed. Best, Thomas Bowen",Customer Support
Issue with cost-cutting measures report,"Hi Finance, I noticed a discrepancy in the cost-cutting measures report. Could you review it and confirm the accuracy? Thanks, Terry Davis",Finance
Follow-up on annual reports approval,"Hi Team, I’m following up on the approval status for annual reports. Please let me know if it’s been processed or if further steps are required. Best, Dr. Terry Lowe DVM",Finance
Assistance required with fraud prevention,"Dear Team, I need help with fraud prevention. Please let me know the steps to resolve this issue. Thanks, Antonio Hunter",Finance
Resolution for technical troubleshooting issue,"Hi Support, Has the issue with technical troubleshooting been resolved? Please share an update as soon as possible. Thank you, Donna Benjamin",Customer Support
Request for proposal on market research,"Hi Team, Could you draft a proposal for market research? Please share it by the end of the week. Thank you, Ian Montgomery",Marketing
Access problem with network issues,"Hello Team, I’m unable to access network issues. Could you help troubleshoot this issue at your earliest convenience? Thank you, Lynn Davila",IT Support
Analysis of brand voice development,"Dear Marketing Team, Could you analyze the data related to brand voice development? Let me know the findings so we can proceed. Best regards, Nicole Smith",Marketing
Resolution for product replacements issue,"Hi Support, Has the issue with product replacements been resolved? Please share an update as soon as possible. Thank you, Lynn Farmer",Customer Support
Analysis of branding guidelines,"Dear Marketing Team, Could you analyze the data related to branding guidelines? Let me know the findings so we can proceed. Best regards, Nancy Sullivan",Marketing
Update on partnership proposals results,"Hello Team, Can you provide an update on the results for partnership proposals? Let me know if you need further input. Thanks, Megan Murphy",Marketing
Feedback needed on web traffic analysis project,"Hello, Could you provide feedback on the web traffic analysis project? I’d like to finalize it this week. Thanks, Amanda Sanchez",Marketing
Customer feedback on live chat escalations,"Hello Team, We received feedback regarding live chat escalations. Please review it and let me know if any action is required. Best regards, David Nelson MD",Customer Support
Access problem with application permissions,"Hello Team, I’m unable to access application permissions. Could you help troubleshoot this issue at your earliest convenience? Thank you, Sheena Mata",IT Support
Feedback needed on content strategy project,"Hello, Could you provide feedback on the content strategy project? I’d like to finalize it this week. Thanks, Douglas Green",Marketing
Follow-up on expense reports approval,"Hi Team, I’m following up on the approval status for expense reports. Please let me know if it’s been processed or if further steps are required. Best, Stanley Cunningham",Finance
Update needed on follow-up requests query,"Dear Team, Could you provide an update on the follow-up requests query? Let me know if further details are needed. Best, Daniel Richardson",Customer Support
Approval needed for annual reports,"Hello, Could you review and approve the annual reports for this month? Let me know if there’s anything I need to address. Best regards, Brian Williams",Finance
Access problem with hardware troubleshooting,"Hello Team, I’m unable to access hardware troubleshooting. Could you help troubleshoot this issue at your earliest convenience? Thank you, Anthony Gordon",IT Support
Analysis of product launch plans,"Dear Marketing Team, Could you analyze the data related to product launch plans? Let me know the findings so we can proceed. Best regards, Jessica Rush",Marketing
Follow-up on salary disbursements approval,"Hi Team, I’m following up on the approval status for salary disbursements. Please let me know if it’s been processed or if further steps are required. Best, Alan Garza",Finance
Issue with cybersecurity training,"Hello IT, I’m experiencing a problem with cybersecurity training. Can you assist in resolving this issue? Thanks, John Johnson",IT Support
Analysis of customer personas,"Dear Marketing Team, Could you analyze the data related to customer personas? Let me know the findings so we can proceed. Best regards, Tiffany Garcia",Marketing
Assistance needed for compensation structure,"Hello, I’d like to request assistance with compensation structure. Let me know if there’s anything else you need from me to proceed. Best regards, Thomas Lewis",HR
Customer issue with billing disputes,"Hi Support Team, A customer has reported an issue with billing disputes. Could you investigate and let me know how to resolve it? Thanks, Michael Anderson",Customer Support
Request for application permissions access,"Hi Support Team, I need access to application permissions to complete my tasks. Please let me know how to proceed. Thank you, Ethan Coleman",IT Support
Resolution for billing disputes issue,"Hi Support, Has the issue with billing disputes been resolved? Please share an update as soon as possible. Thank you, Nicole Banks",Customer Support
Analysis of market research,"Dear Marketing Team, Could you analyze the data related to market research? Let me know the findings so we can proceed. Best regards, Charles Reyes",Marketing
Customer issue with live chat escalations,"Hi Support Team, A customer has reported an issue with live chat escalations. Could you investigate and let me know how to resolve it? Thanks, Olivia Dixon",Customer Support
Ideas for video marketing campaign,"Hi Marketing Team, I have some ideas for the video marketing campaign. Let me know when we can discuss them. Best, Shannon Armstrong",Marketing
Assistance required with salary disbursements,"Dear Team, I need help with salary disbursements. Please let me know the steps to resolve this issue. Thanks, Gabriel Wilcox",Finance
Follow-up on diversity and inclusion policies request,"Hi, I wanted to check on the status of my request regarding diversity and inclusion policies. Please let me know if further information is needed. Thanks, William Stewart",HR
Access problem with multi-factor authentication,"Hello Team, I’m unable to access multi-factor authentication. Could you help troubleshoot this issue at your earliest convenience? Thank you, Mrs. Alice Jones",IT Support
Urgent attention needed for financial audits,"Hello Finance, This is a time-sensitive matter related to financial audits. Please prioritize this and let me know if you require additional information. Thank you, Alicia Bauer",Finance
Approval needed for fraud prevention,"Hello, Could you review and approve the fraud prevention for this month? Let me know if there’s anything I need to address. Best regards, Melanie Bray",Finance
Resolution for product inquiry issue,"Hi Support, Has the issue with product inquiry been resolved? Please share an update as soon as possible. Thank you, Mark Miller",Customer Support
Access problem with application permissions,"Hello Team, I’m unable to access application permissions. Could you help troubleshoot this issue at your earliest convenience? Thank you, Dr. Michael Peters",IT Support
Request for IT policy violations access,"Hi Support Team, I need access to IT policy violations to complete my tasks. Please let me know how to proceed. Thank you, Diana Garcia",IT Support
Ideas for market research campaign,"Hi Marketing Team, I have some ideas for the market research campaign. Let me know when we can discuss them. Best, Charles Beltran",Marketing
Follow-up on payroll request,"Hi, I wanted to check on the status of my request regarding payroll. Please let me know if further information is needed. Thanks, Kelly Robles",HR
Update on partnership proposals results,"Hello Team, Can you provide an update on the results for partnership proposals? Let me know if you need further input. Thanks, Paul Lucero",Marketing
Access problem with email configuration,"Hello Team, I’m unable to access email configuration. Could you help troubleshoot this issue at your earliest convenience? Thank you, Andrew Weber",IT Support
Analysis of lead generation,"Dear Marketing Team, Could you analyze the data related to lead generation? Let me know the findings so we can proceed. Best regards, Claudia Burton",Marketing
Assistance needed for disciplinary actions,"Hello, I’d like to request assistance with disciplinary actions. Let me know if there’s anything else you need from me to proceed. Best regards, Heather Perez",HR
Issue with financial reporting standards report,"Hi Finance, I noticed a discrepancy in the financial reporting standards report. Could you review it and confirm the accuracy? Thanks, Stephen House",Finance
Request for proposal on social media engagement,"Hi Team, Could you draft a proposal for social media engagement? Please share it by the end of the week. Thank you, Anthony Mcdonald",Marketing
Update on sales enablement content results,"Hello Team, Can you provide an update on the results for sales enablement content? Let me know if you need further input. Thanks, Kaitlin Franco",Marketing
Help needed for application permissions,"Dear IT Team, I need assistance with application permissions. Please let me know the steps to address this issue. Best regards, Erin French",IT Support
Analysis of content strategy,"Dear Marketing Team, Could you analyze the data related to content strategy? Let me know the findings so we can proceed. Best regards, William Gomez",Marketing
Request for multi-factor authentication access,"Hi Support Team, I need access to multi-factor authentication to complete my tasks. Please let me know how to proceed. Thank you, Jordan Cox",IT Support
Follow-up on product inquiry complaint,"Hello, I’m following up on the complaint about product inquiry. Has there been any progress on resolving this? Thank you, Daniel Davis",Customer Support
