request,label
I’d like to request assistance with flexible work arrangements. Let me know if there’s anything else you need from me to proceed.,HR
I’m unable to access cybersecurity training. Could you help troubleshoot this issue at your earliest convenience?,IT Support
I need your guidance on handling termination procedures. Please share the necessary steps or resources to proceed.,HR
I need assistance with arranging energy efficiency upgrades. Please provide the details or next steps.,Facilities Management
Could you update me on the current status of my access request for incident response for cybersecurity breaches? Let me know if you need any additional details.,IT Support
I’m unable to access the system to update investment planning. Could you assist in resolving this issue so I can proceed?,Finance
I’m currently facing a challenge with application permissions. Please share the best way to resolve this.,IT Support
Can you analyze the data related to social media engagement and summarize the key takeaways? This will help inform our next steps.,Marketing
What’s the status of the payment for audit preparation checklists? I need this cleared before the vendor’s deadline.,Finance
I’d like to request assistance with relocation assistance. Let me know if there’s anything else you need from me to proceed.,HR
I’d like to request assistance with mandatory training sessions. Let me know if there’s anything else you need from me to proceed.,HR
I suspect there may be a security issue with access provisioning for new hires. Could you investigate this and let me know the findings?,IT Support
I need assistance with data center migrations. Please let me know the steps to address this issue.,IT Support
I need to ensure compliance with the guidelines for budget. Could you provide a detailed breakdown of the requirements?,Finance
Issue with office space reconfiguration. Resolve as soon as possible.,Facilities Management
I wanted to check on the status of my request regarding job application. Please let me know if further information is needed.,HR
Can you provide an update on the results for sales enablement content? Let me know if you need further input.,Marketing
I have some creative ideas for the lead generation campaign. Could we schedule a brainstorming session to discuss them?,Marketing
Can you assess the condition of window repair and cleaning and advise if repairs or replacements are needed? Let me know the next steps.,Facilities Management
I’m unable to access cybersecurity training. Could you troubleshoot this and let me know once the issue is resolved?,IT Support
Could you clarify the details about fraud prevention? I want to ensure I’m proceeding correctly.,Finance
What’s the deadline for submitting holiday schedules forms? I don’t want to miss it.,HR
I’m noticing inconsistent behavior with cloud storage issues. Could you investigate and provide a resolution or workaround?,IT Support
There’s an ongoing concern with fire extinguisher servicing. Could you provide recommendations or outline the process to resolve it?,Facilities Management
Insights on branding guidelines performance needed.,Marketing
I’m looking for some information regarding onboarding materials. Could you provide the necessary details when you get a chance?,HR
Could you provide an update on the status of the pest control request I submitted? Let me know if further input is needed.,Facilities Management
Could you clarify the details about cash flow statements? I want to ensure I’m proceeding correctly.,Finance
Discrepancy in corporate expense policies. Fix it.,Finance
What’s the latest update on the training sessions? I need it for my report.,HR
Could you guide me through the process of resetting email configuration? I want to ensure I follow the correct procedure.,IT Support
I’m currently facing a challenge with access provisioning for new hires. Please share the best way to resolve this.,IT Support
Please send over recent lead generation. I need this as soon as possible.,Marketing
There’s an ongoing concern with furniture assembly. Could you provide recommendations or outline the process to resolve it?,Facilities Management
Issue with conference room AV setup. Resolve as soon as possible.,Facilities Management
Status on setting KPIs for campaigns results?,Marketing
I suspect there may be a security issue with access provisioning for new hires. Could you investigate this and let me know the findings?,IT Support
I’m dealing with a challenge regarding corporate expense policies. Could you provide specific guidance or share any relevant resources to help resolve it?,Finance
Please send over recent sales enablement content. I need this as soon as possible.,Marketing
What’s the deadline for submitting conflict resolution support forms? I don’t want to miss it.,HR
There’s a concern about conference room AV setup that requires attention. Please share the steps to address it.,Facilities Management
I need help with managing market research. Please provide your recommendations or feedback.,Marketing
Could you provide detailed feedback on the social media engagement project? I need to address any changes before finalizing it this week.,Marketing
Could you clarify the details about revenue forecasts? I want to ensure I’m proceeding correctly.,Finance
I’m planning an event that requires desk relocation. Could you provide support or necessary arrangements?,Facilities Management
Could you provide feedback on the sales enablement content project? I’d like to finalize it this week.,Marketing
Please send over recent email outreach. I need this as soon as possible.,Marketing
I need support deploying cybersecurity training for my team. Could you help set this up or provide the necessary tools?,IT Support
Could you provide a detailed explanation of how the profit and loss statements was calculated? I want to double-check the figures.,Finance
Could you outline the steps to optimize our brand awareness initiatives approach? Any case studies or examples would be helpful.,Marketing
Could you share insights on the performance of campaign analytics? This will help guide our next steps.,Marketing
What’s the deadline for submitting hiring process forms? I don’t want to miss it.,HR
I wanted to check on the status of my request regarding job role reassignments. Please let me know if further information is needed.,HR
Can you analyze the data related to social media engagement and summarize the key takeaways? This will help inform our next steps.,Marketing
Help with trash disposal schedule setup.,Facilities Management
I’m experiencing an issue with data center migrations. Can you assist in diagnosing and resolving the problem as soon as possible?,IT Support
Please send over recent ROI tracking for ad campaigns. I need this as soon as possible.,Marketing
Could you provide a summary of the investment risk assessments report? I need it for a presentation this week.,Finance
Could you provide feedback on the designing customer surveys project? I’d like to finalize it this week.,Marketing
Can you provide an update on the progress of the office renovations request? Let me know if any further details are needed from my side.,Facilities Management
Could you share detailed insights on the performance metrics for sales enablement content? I’d like to use this data for our planning.,Marketing
I have a question about overtime policies. Could you clarify the process or let me know where I can find more information?,HR
I’ve noticed a recurring issue with facility access cards. Could you investigate and let me know the resolution plan?,Facilities Management
Can you provide an update on the results for advertising budgets? Let me know if you need further input.,Marketing
"I’m encountering a challenge with server downtime notifications. Could you share the best way to resolve this, or connect me with someone who can assist?",IT Support
Could you update me on the current status of my access request for software installation? Let me know if you need any additional details.,IT Support
I have some creative ideas for the monitoring online reputation campaign. Could we schedule a brainstorming session to discuss them?,Marketing
I’m unable to access the system to update cost-cutting measures. Could you assist in resolving this issue so I can proceed?,Finance
I need access to cybersecurity training to complete my tasks. Could you guide me on how to proceed and what steps are required?,IT Support
Can you verify the permissions for server maintenance? I’m unable to access certain features that should be available.,IT Support
What’s the estimated resolution time for the account lockout issue I reported? Please keep me updated if there are delays.,IT Support
I need help troubleshooting system update. It’s affecting my ability to complete essential tasks on time.,IT Support
Can you assess the condition of energy efficiency upgrades and advise if repairs or replacements are needed? Let me know the next steps.,Facilities Management
I need access to printer setup to complete my tasks. Could you guide me on how to proceed and what steps are required?,IT Support
Status on campaign analytics results?,Marketing
I’m looking for some information regarding termination procedures. Could you provide the necessary details when you get a chance?,HR
This is a time-sensitive matter related to corporate credit cards. Please prioritize this and let me know if you require any additional input from my side.,Finance
This is a time-sensitive matter related to employee reimbursement processing. Please prioritize this and let me know if you require any additional input from my side.,Finance
This is a time-sensitive matter related to revenue forecasts. Please prioritize this and let me know if you require any additional input from my side.,Finance
I need help coordinating pest control. Could you share the required steps or confirm the next actions?,Facilities Management
Please send over recent market research. I need this as soon as possible.,Marketing
I need assistance with arranging security system installation. Please provide the details or next steps.,Facilities Management
Could you draft a comprehensive proposal for campaign analytics? Please include timelines and share it by the end of the week.,Marketing
There seems to be an issue with facility access cards. Could you prioritize resolving it and share the expected timeframe?,Facilities Management
Can you clarify the process for requesting diversity and inclusion policies? I need this done today.,HR
I’m confused about the employee referral programs policy. Can someone clarify it for me?,HR
I wanted to check on the status of my request regarding time-off requests. Please let me know if further information is needed.,HR
Could you provide an update on the annual bonus criteria request I submitted earlier? Let me know if I should take any action.,HR
I wanted to check on the status of my request regarding annual bonus criteria. Please let me know if further information is needed.,HR
I’m dealing with a challenge regarding fraud prevention. Could you provide specific guidance or share any relevant resources to help resolve it?,Finance
Could you draft a comprehensive proposal for lead generation? Please include timelines and share it by the end of the week.,Marketing
Status on video marketing results?,Marketing
Could you draft a comprehensive proposal for branding guidelines? Please include timelines and share it by the end of the week.,Marketing
I need assistance with arranging desk relocation. Please provide the details or next steps.,Facilities Management
Help with conference room AV setup setup.,Facilities Management
I wanted to check on the status of my request regarding mandatory training sessions. Please let me know if further information is needed.,HR
Could you provide detailed feedback on the campaign analytics project? I need to address any changes before finalizing it this week.,Marketing
Could you provide a summary of the accounts payable report? I need it for a presentation this week.,Finance
Could you confirm if IT policy violations has been updated or maintained recently? I need this information to ensure system stability.,IT Support
I need support deploying password reset for my team. Could you help set this up or provide the necessary tools?,IT Support
